Date,Interpolated Demand,Interpolated Value
1/1/2020,15416.38742,664702078.1
2/1/2020,15317.45375,659309114.6
3/1/2020,15218.52007,653916151.1
4/1/2020,15119.5864,648523187.6
5/1/2020,15020.65273,643130224.2
6/1/2020,14921.71905,637737260.7
7/1/2020,14822.78538,632344297.2
8/1/2020,14723.85171,626951333.7
9/1/2020,14624.91803,621558370.2
10/1/2020,14525.98436,616165406.7
11/1/2020,14427.05069,610772443.2
12/1/2020,14328.11701,605379479.8
13/1/2020,14229.18334,599986516.3
14/1/2020,14130.24967,594593552.8
15/1/2020,14031.31599,589200589.3
16/1/2020,13932.38232,583807625.8
17/1/2020,13833.44865,578414662.3
18/1/2020,13734.51497,573021698.8
19/1/2020,13635.5813,567628735.4
20/1/2020,13536.64763,562235771.9
21/1/2020,13437.71395,556842808.4
22/1/2020,13338.78028,551449844.9
23/1/2020,13239.84661,546056881.4
24/1/2020,13140.91293,540663917.9
25/1/2020,13041.97926,535270954.4
26/1/2020,12943.04559,529877991
27/1/2020,12844.11191,524485027.5
28/1/2020,12745.17824,519092064
29/1/2020,12646.24457,513699100.5
30/1/2020,12547.31089,508306137
31/1/2020,12448.37722,502913173.5
1/2/2020,12349.44355,497520210
2/2/2020,12462.2877,502740969.2
3/2/2020,12575.13185,507961728.4
4/2/2020,12687.976,513182487.5
5/2/2020,12800.82014,518403246.7
6/2/2020,12913.66429,523624005.9
7/2/2020,13026.50844,528844765.1
8/2/2020,13139.35259,534065524.2
9/2/2020,13252.19674,539286283.4
10/2/2020,13365.04089,544507042.6
11/2/2020,13477.88504,549727801.7
12/2/2020,13590.72919,554948560.9
13/2/2020,13703.57334,560169320.1
14/2/2020,13816.41749,565390079.2
15/2/2020,13929.26164,570610838.4
16/2/2020,14042.10578,575831597.6
17/2/2020,14154.94993,581052356.7
18/2/2020,14267.79408,586273115.9
19/2/2020,14380.63823,591493875.1
20/2/2020,14493.48238,596714634.2
21/2/2020,14606.32653,601935393.4
22/2/2020,14719.17068,607156152.6
23/2/2020,14832.01483,612376911.7
24/2/2020,14944.85898,617597670.9
25/2/2020,15057.70313,622818430.1
26/2/2020,15170.54727,628039189.2
27/2/2020,15283.39142,633259948.4
28/2/2020,15396.23557,638480707.6
29/2/2020,15509.07972,643701466.7
1/3/2020,15621.92387,648922225.9
2/3/2020,15426.82107,640937204.4
3/3/2020,15231.71827,632952182.8
4/3/2020,15036.61547,624967161.3
5/3/2020,14841.51267,616982139.7
6/3/2020,14646.40988,608997118.2
7/3/2020,14451.30708,601012096.6
8/3/2020,14256.20428,593027075.1
9/3/2020,14061.10148,585042053.5
10/3/2020,13865.99868,577057032
11/3/2020,13670.89588,569072010.4
12/3/2020,13475.79308,561086988.9
13/3/2020,13280.69028,553101967.3
14/3/2020,13085.58748,545116945.8
15/3/2020,12890.48468,537131924.2
16/3/2020,12695.38188,529146902.7
17/3/2020,12500.27908,521161881.1
18/3/2020,12305.17629,513176859.6
19/3/2020,12110.07349,505191838
20/3/2020,11914.97069,497206816.5
21/3/2020,11719.86789,489221794.9
22/3/2020,11524.76509,481236773.4
23/3/2020,11329.66229,473251751.8
24/3/2020,11134.55949,465266730.2
25/3/2020,10939.45669,457281708.7
26/3/2020,10744.35389,449296687.1
27/3/2020,10549.25109,441311665.6
28/3/2020,10354.14829,433326644
29/3/2020,10159.04549,425341622.5
30/3/2020,9963.942695,417356600.9
31/3/2020,9768.839896,409371579.4
1/4/2020,9573.737097,401386557.8
2/4/2020,9664.848516,405706148.7
3/4/2020,9755.959935,410025739.5
4/4/2020,9847.071355,414345330.3
5/4/2020,9938.182774,418664921.1
6/4/2020,10029.29419,422984511.9
7/4/2020,10120.40561,427304102.7
8/4/2020,10211.51703,431623693.5
9/4/2020,10302.62845,435943284.4
10/4/2020,10393.73987,440262875.2
11/4/2020,10484.85129,444582466
12/4/2020,10575.96271,448902056.8
13/4/2020,10667.07413,453221647.6
14/4/2020,10758.18555,457541238.4
15/4/2020,10849.29697,461860829.2
16/4/2020,10940.40839,466180420
17/4/2020,11031.51981,470500010.9
18/4/2020,11122.63123,474819601.7
19/4/2020,11213.74265,479139192.5
20/4/2020,11304.85406,483458783.3
21/4/2020,11395.96548,487778374.1
22/4/2020,11487.0769,492097964.9
23/4/2020,11578.18832,496417555.7
24/4/2020,11669.29974,500737146.6
25/4/2020,11760.41116,505056737.4
26/4/2020,11851.52258,509376328.2
27/4/2020,11942.634,513695919
28/4/2020,12033.74542,518015509.8
29/4/2020,12124.85684,522335100.6
30/4/2020,12215.96826,526654691.4
1/5/2020,12307.07968,530974282.2
2/5/2020,12483.97743,538687607.5
3/5/2020,12660.87518,546400932.8
4/5/2020,12837.77293,554114258
5/5/2020,13014.67069,561827583.3
6/5/2020,13191.56844,569540908.6
7/5/2020,13368.46619,577254233.9
8/5/2020,13545.36394,584967559.1
9/5/2020,13722.2617,592680884.4
10/5/2020,13899.15945,600394209.7
11/5/2020,14076.0572,608107534.9
12/5/2020,14252.95495,615820860.2
13/5/2020,14429.85271,623534185.5
14/5/2020,14606.75046,631247510.7
15/5/2020,14783.64821,638960836
16/5/2020,14960.54596,646674161.3
17/5/2020,15137.44371,654387486.5
18/5/2020,15314.34147,662100811.8
19/5/2020,15491.23922,669814137.1
20/5/2020,15668.13697,677527462.3
21/5/2020,15845.03472,685240787.6
22/5/2020,16021.93248,692954112.9
23/5/2020,16198.83023,700667438.1
24/5/2020,16375.72798,708380763.4
25/5/2020,16552.62573,716094088.7
26/5/2020,16729.52349,723807413.9
27/5/2020,16906.42124,731520739.2
28/5/2020,17083.31899,739234064.5
29/5/2020,17260.21674,746947389.7
30/5/2020,17437.1145,754660715
31/5/2020,17614.01225,762374040.3
1/6/2020,17790.91,770087365.5
2/6/2020,17874.80589,772834070.9
3/6/2020,17958.70178,775580776.3
4/6/2020,18042.59768,778327481.7
5/6/2020,18126.49357,781074187.1
6/6/2020,18210.38946,783820892.5
7/6/2020,18294.28535,786567597.9
8/6/2020,18378.18125,789314303.3
9/6/2020,18462.07714,792061008.7
10/6/2020,18545.97303,794807714.1
11/6/2020,18629.86892,797554419.5
12/6/2020,18713.76482,800301124.9
13/6/2020,18797.66071,803047830.3
14/6/2020,18881.5566,805794535.7
15/6/2020,18965.45249,808541241.1
16/6/2020,19049.34839,811287946.5
17/6/2020,19133.24428,814034651.9
18/6/2020,19217.14017,816781357.3
19/6/2020,19301.03606,819528062.7
20/6/2020,19384.93196,822274768.1
21/6/2020,19468.82785,825021473.5
22/6/2020,19552.72374,827768178.9
23/6/2020,19636.61963,830514884.3
24/6/2020,19720.51553,833261589.7
25/6/2020,19804.41142,836008295.1
26/6/2020,19888.30731,838755000.5
27/6/2020,19972.2032,841501705.9
28/6/2020,20056.0991,844248411.2
29/6/2020,20139.99499,846995116.6
30/6/2020,20223.89088,849741822
1/7/2020,20307.78677,852488527.4
2/7/2020,20251.71078,850089524.2
3/7/2020,20195.63479,847690521
4/7/2020,20139.55879,845291517.7
5/7/2020,20083.4828,842892514.5
6/7/2020,20027.40681,840493511.2
7/7/2020,19971.33081,838094508
8/7/2020,19915.25482,835695504.7
9/7/2020,19859.17882,833296501.5
10/7/2020,19803.10283,830897498.2
11/7/2020,19747.02684,828498495
12/7/2020,19690.95084,826099491.8
13/7/2020,19634.87485,823700488.5
14/7/2020,19578.79886,821301485.3
15/7/2020,19522.72286,818902482
16/7/2020,19466.64687,816503478.8
17/7/2020,19410.57087,814104475.5
18/7/2020,19354.49488,811705472.3
19/7/2020,19298.41889,809306469
20/7/2020,19242.34289,806907465.8
21/7/2020,19186.2669,804508462.6
22/7/2020,19130.19091,802109459.3
23/7/2020,19074.11491,799710456.1
24/7/2020,19018.03892,797311452.8
25/7/2020,18961.96292,794912449.6
26/7/2020,18905.88693,792513446.3
27/7/2020,18849.81094,790114443.1
28/7/2020,18793.73494,787715439.9
29/7/2020,18737.65895,785316436.6
30/7/2020,18681.58296,782917433.4
31/7/2020,18625.50696,780518430.1
1/8/2020,18569.43097,778119426.9
2/8/2020,18800.2774,787941815.2
3/8/2020,19031.12383,797764203.5
4/8/2020,19261.97026,807586591.8
5/8/2020,19492.81669,817408980.1
6/8/2020,19723.66312,827231368.3
7/8/2020,19954.50955,837053756.6
8/8/2020,20185.35598,846876144.9
9/8/2020,20416.20241,856698533.2
10/8/2020,20647.04884,866520921.5
11/8/2020,20877.89528,876343309.8
12/8/2020,21108.74171,886165698.1
13/8/2020,21339.58814,895988086.4
14/8/2020,21570.43457,905810474.7
15/8/2020,21801.281,915632863
16/8/2020,22032.12743,925455251.3
17/8/2020,22262.97386,935277639.6
18/8/2020,22493.82029,945100027.9
19/8/2020,22724.66672,954922416.2
20/8/2020,22955.51315,964744804.5
21/8/2020,23186.35958,974567192.8
22/8/2020,23417.20601,984389581
23/8/2020,23648.05245,994211969.3
24/8/2020,23878.89888,1004034358
25/8/2020,24109.74531,1013856746
26/8/2020,24340.59174,1023679134
27/8/2020,24571.43817,1033501523
28/8/2020,24802.2846,1043323911
29/8/2020,25033.13103,1053146299
30/8/2020,25263.97746,1062968687
31/8/2020,25494.82389,1072791076
1/9/2020,25725.67032,1082613464
2/9/2020,25673.53009,1079216159
3/9/2020,25621.38985,1075818854
4/9/2020,25569.24961,1072421549
5/9/2020,25517.10938,1069024244
6/9/2020,25464.96914,1065626939
7/9/2020,25412.8289,1062229633
8/9/2020,25360.68867,1058832328
9/9/2020,25308.54843,1055435023
10/9/2020,25256.40819,1052037718
11/9/2020,25204.26796,1048640413
12/9/2020,25152.12772,1045243108
13/9/2020,25099.98748,1041845803
14/9/2020,25047.84725,1038448498
15/9/2020,24995.70701,1035051193
16/9/2020,24943.56677,1031653888
17/9/2020,24891.42654,1028256583
18/9/2020,24839.2863,1024859278
19/9/2020,24787.14606,1021461972
20/9/2020,24735.00583,1018064667
21/9/2020,24682.86559,1014667362
22/9/2020,24630.72535,1011270057
23/9/2020,24578.58512,1007872752
24/9/2020,24526.44488,1004475447
25/9/2020,24474.30465,1001078142
26/9/2020,24422.16441,997680836.8
27/9/2020,24370.02417,994283531.7
28/9/2020,24317.88394,990886226.6
29/9/2020,24265.7437,987488921.5
30/9/2020,24213.60346,984091616.5
1/10/2020,24161.46323,980694311.4
2/10/2020,24249.32481,984456058.2
3/10/2020,24337.18639,988217805
4/10/2020,24425.04797,991979551.9
5/10/2020,24512.90955,995741298.7
6/10/2020,24600.77113,999503045.5
7/10/2020,24688.63272,1003264792
8/10/2020,24776.4943,1007026539
9/10/2020,24864.35588,1010788286
10/10/2020,24952.21746,1014550033
11/10/2020,25040.07904,1018311780
12/10/2020,25127.94062,1022073526
13/10/2020,25215.80221,1025835273
14/10/2020,25303.66379,1029597020
15/10/2020,25391.52537,1033358767
16/10/2020,25479.38695,1037120514
17/10/2020,25567.24853,1040882261
18/10/2020,25655.11011,1044644007
19/10/2020,25742.9717,1048405754
20/10/2020,25830.83328,1052167501
21/10/2020,25918.69486,1055929248
22/10/2020,26006.55644,1059690995
23/10/2020,26094.41802,1063452742
24/10/2020,26182.2796,1067214488
25/10/2020,26270.14119,1070976235
26/10/2020,26358.00277,1074737982
27/10/2020,26445.86435,1078499729
28/10/2020,26533.72593,1082261476
29/10/2020,26621.58751,1086023223
30/10/2020,26709.44909,1089784969
31/10/2020,26797.31068,1093546716
1/11/2020,26885.17226,1097308463
2/11/2020,27137.03052,1109460394
3/11/2020,27388.88877,1121612326
4/11/2020,27640.74703,1133764257
5/11/2020,27892.60529,1145916188
6/11/2020,28144.46355,1158068120
7/11/2020,28396.32181,1170220051
8/11/2020,28648.18006,1182371982
9/11/2020,28900.03832,1194523914
10/11/2020,29151.89658,1206675845
11/11/2020,29403.75484,1218827776
12/11/2020,29655.6131,1230979708
13/11/2020,29907.47135,1243131639
14/11/2020,30159.32961,1255283570
15/11/2020,30411.18787,1267435502
16/11/2020,30663.04613,1279587433
17/11/2020,30914.90439,1291739364
18/11/2020,31166.76265,1303891295
19/11/2020,31418.6209,1316043227
20/11/2020,31670.47916,1328195158
21/11/2020,31922.33742,1340347089
22/11/2020,32174.19568,1352499021
23/11/2020,32426.05394,1364650952
24/11/2020,32677.91219,1376802883
25/11/2020,32929.77045,1388954815
26/11/2020,33181.62871,1401106746
27/11/2020,33433.48697,1413258677
28/11/2020,33685.34523,1425410609
29/11/2020,33937.20348,1437562540
30/11/2020,34189.06174,1449714471
1/12/2020,34440.92,1461866403
2/12/2020,34098.34949,1447112232
3/12/2020,33755.77898,1432358061
4/12/2020,33413.20847,1417603890
5/12/2020,33070.63796,1402849719
6/12/2020,32728.06745,1388095548
7/12/2020,32385.49694,1373341377
8/12/2020,32042.92643,1358587207
9/12/2020,31700.35592,1343833036
10/12/2020,31357.78541,1329078865
11/12/2020,31015.2149,1314324694
12/12/2020,30672.64439,1299570523
13/12/2020,30330.07388,1284816352
14/12/2020,29987.50337,1270062181
15/12/2020,29644.93286,1255308011
16/12/2020,29302.36235,1240553840
17/12/2020,28959.79184,1225799669
18/12/2020,28617.22133,1211045498
19/12/2020,28274.65082,1196291327
20/12/2020,27932.08031,1181537156
21/12/2020,27589.5098,1166782986
22/12/2020,27246.93929,1152028815
23/12/2020,26904.36878,1137274644
24/12/2020,26561.79827,1122520473
25/12/2020,26219.22776,1107766302
26/12/2020,25876.65725,1093012131
27/12/2020,25534.08674,1078257960
28/12/2020,25191.51623,1063503790
29/12/2020,24848.94572,1048749619
30/12/2020,24506.37521,1033995448
31/12/2020,24163.8047,1019241277
1/1/2021,23821.23419,1004487106
2/1/2021,23737.61497,1001126363
3/1/2021,23653.99575,997765620.6
4/1/2021,23570.37653,994404877.9
5/1/2021,23486.75732,991044135.1
6/1/2021,23403.1381,987683392.4
7/1/2021,23319.51888,984322649.6
8/1/2021,23235.89966,980961906.9
9/1/2021,23152.28044,977601164.1
10/1/2021,23068.66122,974240421.4
11/1/2021,22985.042,970879678.7
12/1/2021,22901.42278,967518935.9
13/1/2021,22817.80356,964158193.2
14/1/2021,22734.18434,960797450.4
15/1/2021,22650.56512,957436707.7
16/1/2021,22566.9459,954075964.9
17/1/2021,22483.32668,950715222.2
18/1/2021,22399.70746,947354479.4
19/1/2021,22316.08824,943993736.7
20/1/2021,22232.46902,940632993.9
21/1/2021,22148.8498,937272251.2
22/1/2021,22065.23058,933911508.4
23/1/2021,21981.61136,930550765.7
24/1/2021,21897.99214,927190023
25/1/2021,21814.37292,923829280.2
26/1/2021,21730.7537,920468537.5
27/1/2021,21647.13448,917107794.7
28/1/2021,21563.51527,913747052
29/1/2021,21479.89605,910386309.2
30/1/2021,21396.27683,907025566.5
31/1/2021,21312.65761,903664823.7
1/2/2021,21229.03839,900304081
2/2/2021,21755.68219,923111646.8
3/2/2021,22282.32599,945919212.5
4/2/2021,22808.96979,968726778.3
5/2/2021,23335.61359,991534344.1
6/2/2021,23862.2574,1014341910
7/2/2021,24388.9012,1037149476
8/2/2021,24915.545,1059957041
9/2/2021,25442.1888,1082764607
10/2/2021,25968.8326,1105572173
11/2/2021,26495.47641,1128379739
12/2/2021,27022.12021,1151187305
13/2/2021,27548.76401,1173994870
14/2/2021,28075.40781,1196802436
15/2/2021,28602.05161,1219610002
16/2/2021,29128.69541,1242417568
17/2/2021,29655.33922,1265225133
18/2/2021,30181.98302,1288032699
19/2/2021,30708.62682,1310840265
20/2/2021,31235.27062,1333647831
21/2/2021,31761.91442,1356455396
22/2/2021,32288.55823,1379262962
23/2/2021,32815.20203,1402070528
24/2/2021,33341.84583,1424878094
25/2/2021,33868.48963,1447685660
26/2/2021,34395.13343,1470493225
27/2/2021,34921.77724,1493300791
28/2/2021,35448.42104,1516108357
1/3/2021,35975.06484,1538915923
2/3/2021,35747.88866,1529324313
3/3/2021,35520.71248,1519732704
4/3/2021,35293.5363,1510141094
5/3/2021,35066.36011,1500549485
6/3/2021,34839.18393,1490957875
7/3/2021,34612.00775,1481366266
8/3/2021,34384.83157,1471774656
9/3/2021,34157.65539,1462183047
10/3/2021,33930.47921,1452591437
11/3/2021,33703.30303,1442999828
12/3/2021,33476.12685,1433408218
13/3/2021,33248.95067,1423816609
14/3/2021,33021.77448,1414224999
15/3/2021,32794.5983,1404633390
16/3/2021,32567.42212,1395041780
17/3/2021,32340.24594,1385450171
18/3/2021,32113.06976,1375858561
19/3/2021,31885.89358,1366266952
20/3/2021,31658.7174,1356675342
21/3/2021,31431.54122,1347083733
22/3/2021,31204.36504,1337492123
23/3/2021,30977.18886,1327900514
24/3/2021,30750.01267,1318308904
25/3/2021,30522.83649,1308717295
26/3/2021,30295.66031,1299125685
27/3/2021,30068.48413,1289534076
28/3/2021,29841.30795,1279942466
29/3/2021,29614.13177,1270350857
30/3/2021,29386.95559,1260759247
31/3/2021,29159.77941,1251167638
1/4/2021,28932.60323,1241576028
2/4/2021,28981.24066,1243630534
3/4/2021,29029.87809,1245685040
4/4/2021,29078.51552,1247739546
5/4/2021,29127.15295,1249794052
6/4/2021,29175.79038,1251848558
7/4/2021,29224.42781,1253903064
8/4/2021,29273.06524,1255957570
9/4/2021,29321.70267,1258012076
10/4/2021,29370.3401,1260066582
11/4/2021,29418.97753,1262121088
12/4/2021,29467.61496,1264175594
13/4/2021,29516.25239,1266230100
14/4/2021,29564.88982,1268284606
15/4/2021,29613.52725,1270339112
16/4/2021,29662.16468,1272393618
17/4/2021,29710.80211,1274448124
18/4/2021,29759.43954,1276502630
19/4/2021,29808.07697,1278557136
20/4/2021,29856.7144,1280611642
21/4/2021,29905.35183,1282666148
22/4/2021,29953.98926,1284720654
23/4/2021,30002.62669,1286775160
24/4/2021,30051.26412,1288829665
25/4/2021,30099.90155,1290884171
26/4/2021,30148.53898,1292938677
27/4/2021,30197.17641,1294993183
28/4/2021,30245.81384,1297047689
29/4/2021,30294.45127,1299102195
30/4/2021,30343.0887,1301156701
1/5/2021,30391.72613,1303211207
2/5/2021,30551.41801,1310023883
3/5/2021,30711.1099,1316836559
4/5/2021,30870.80178,1323649234
5/5/2021,31030.49366,1330461910
6/5/2021,31190.18555,1337274586
7/5/2021,31349.87743,1344087262
8/5/2021,31509.56931,1350899937
9/5/2021,31669.2612,1357712613
10/5/2021,31828.95308,1364525289
11/5/2021,31988.64496,1371337964
12/5/2021,32148.33685,1378150640
13/5/2021,32308.02873,1384963316
14/5/2021,32467.72061,1391775992
15/5/2021,32627.4125,1398588667
16/5/2021,32787.10438,1405401343
17/5/2021,32946.79626,1412214019
18/5/2021,33106.48815,1419026695
19/5/2021,33266.18003,1425839370
20/5/2021,33425.87191,1432652046
21/5/2021,33585.5638,1439464722
22/5/2021,33745.25568,1446277397
23/5/2021,33904.94757,1453090073
24/5/2021,34064.63945,1459902749
25/5/2021,34224.33133,1466715425
26/5/2021,34384.02322,1473528100
27/5/2021,34543.7151,1480340776
28/5/2021,34703.40698,1487153452
29/5/2021,34863.09887,1493966128
30/5/2021,35022.79075,1500778803
31/5/2021,35182.48263,1507591479
1/6/2021,35342.17452,1514404155
2/6/2021,35223.23172,1507789125
3/6/2021,35104.28892,1501174096
4/6/2021,34985.34613,1494559066
5/6/2021,34866.40333,1487944037
6/6/2021,34747.46054,1481329007
7/6/2021,34628.51774,1474713978
8/6/2021,34509.57495,1468098948
9/6/2021,34390.63215,1461483919
10/6/2021,34271.68935,1454868889
11/6/2021,34152.74656,1448253860
12/6/2021,34033.80376,1441638830
13/6/2021,33914.86097,1435023801
14/6/2021,33795.91817,1428408771
15/6/2021,33676.97538,1421793742
16/6/2021,33558.03258,1415178712
17/6/2021,33439.08978,1408563683
18/6/2021,33320.14699,1401948653
19/6/2021,33201.20419,1395333624
20/6/2021,33082.2614,1388718594
21/6/2021,32963.3186,1382103565
22/6/2021,32844.37581,1375488535
23/6/2021,32725.43301,1368873506
24/6/2021,32606.49022,1362258476
25/6/2021,32487.54742,1355643447
26/6/2021,32368.60462,1349028417
27/6/2021,32249.66183,1342413388
28/6/2021,32130.71903,1335798358
29/6/2021,32011.77624,1329183329
30/6/2021,31892.83344,1322568299
1/7/2021,31773.89065,1315953270
2/7/2021,31717.00602,1312856791
3/7/2021,31660.1214,1309760313
4/7/2021,31603.23678,1306663834
5/7/2021,31546.35216,1303567356
6/7/2021,31489.46754,1300470877
7/7/2021,31432.58292,1297374399
8/7/2021,31375.6983,1294277920
9/7/2021,31318.81368,1291181442
10/7/2021,31261.92906,1288084963
11/7/2021,31205.04444,1284988485
12/7/2021,31148.15982,1281892006
13/7/2021,31091.2752,1278795528
14/7/2021,31034.39058,1275699049
15/7/2021,30977.50596,1272602571
16/7/2021,30920.62134,1269506092
17/7/2021,30863.73672,1266409614
18/7/2021,30806.8521,1263313135
19/7/2021,30749.96748,1260216657
20/7/2021,30693.08286,1257120178
21/7/2021,30636.19824,1254023700
22/7/2021,30579.31362,1250927221
23/7/2021,30522.429,1247830743
24/7/2021,30465.54438,1244734264
25/7/2021,30408.65976,1241637786
26/7/2021,30351.77514,1238541307
27/7/2021,30294.89052,1235444829
28/7/2021,30238.0059,1232348350
29/7/2021,30181.12128,1229251872
30/7/2021,30124.23666,1226155393
31/7/2021,30067.35204,1223058915
1/8/2021,30010.46742,1219962436
2/8/2021,30226.60404,1229579875
3/8/2021,30442.74066,1239197314
4/8/2021,30658.87727,1248814753
5/8/2021,30875.01389,1258432192
6/8/2021,31091.15051,1268049631
7/8/2021,31307.28713,1277667070
8/8/2021,31523.42375,1287284509
9/8/2021,31739.56036,1296901948
10/8/2021,31955.69698,1306519387
11/8/2021,32171.8336,1316136826
12/8/2021,32387.97022,1325754265
13/8/2021,32604.10684,1335371704
14/8/2021,32820.24345,1344989143
15/8/2021,33036.38007,1354606582
16/8/2021,33252.51669,1364224021
17/8/2021,33468.65331,1373841460
18/8/2021,33684.78993,1383458899
19/8/2021,33900.92655,1393076338
20/8/2021,34117.06316,1402693777
21/8/2021,34333.19978,1412311216
22/8/2021,34549.3364,1421928655
23/8/2021,34765.47302,1431546094
24/8/2021,34981.60964,1441163533
25/8/2021,35197.74625,1450780972
26/8/2021,35413.88287,1460398411
27/8/2021,35630.01949,1470015850
28/8/2021,35846.15611,1479633289
29/8/2021,36062.29273,1489250728
30/8/2021,36278.42934,1498868167
31/8/2021,36494.56596,1508485606
1/9/2021,36710.70258,1518103045
2/9/2021,36582.72817,1510587535
3/9/2021,36454.75376,1503072025
4/9/2021,36326.77935,1495556515
5/9/2021,36198.80495,1488041006
6/9/2021,36070.83054,1480525496
7/9/2021,35942.85613,1473009986
8/9/2021,35814.88172,1465494476
9/9/2021,35686.90731,1457978966
10/9/2021,35558.9329,1450463456
11/9/2021,35430.95849,1442947947
12/9/2021,35302.98409,1435432437
13/9/2021,35175.00968,1427916927
14/9/2021,35047.03527,1420401417
15/9/2021,34919.06086,1412885907
16/9/2021,34791.08645,1405370398
17/9/2021,34663.11204,1397854888
18/9/2021,34535.13763,1390339378
19/9/2021,34407.16323,1382823868
20/9/2021,34279.18882,1375308358
21/9/2021,34151.21441,1367792849
22/9/2021,34023.24,1360277339
23/9/2021,33895.26559,1352761829
24/9/2021,33767.29118,1345246319
25/9/2021,33639.31677,1337730809
26/9/2021,33511.34237,1330215299
27/9/2021,33383.36796,1322699790
28/9/2021,33255.39355,1315184280
29/9/2021,33127.41914,1307668770
30/9/2021,32999.44473,1300153260
1/10/2021,32871.47032,1292637750
2/10/2021,33025.2392,1299413744
3/10/2021,33179.00807,1306189737
4/10/2021,33332.77695,1312965730
5/10/2021,33486.54583,1319741724
6/10/2021,33640.3147,1326517717
7/10/2021,33794.08358,1333293711
8/10/2021,33947.85246,1340069704
9/10/2021,34101.62133,1346845697
10/10/2021,34255.39021,1353621691
11/10/2021,34409.15908,1360397684
12/10/2021,34562.92796,1367173677
13/10/2021,34716.69684,1373949671
14/10/2021,34870.46571,1380725664
15/10/2021,35024.23459,1387501657
16/10/2021,35178.00347,1394277651
17/10/2021,35331.77234,1401053644
18/10/2021,35485.54122,1407829638
19/10/2021,35639.31009,1414605631
20/10/2021,35793.07897,1421381624
21/10/2021,35946.84785,1428157618
22/10/2021,36100.61672,1434933611
23/10/2021,36254.3856,1441709604
24/10/2021,36408.15447,1448485598
25/10/2021,36561.92335,1455261591
26/10/2021,36715.69223,1462037584
27/10/2021,36869.4611,1468813578
28/10/2021,37023.22998,1475589571
29/10/2021,37176.99886,1482365564
30/10/2021,37330.76773,1489141558
31/10/2021,37484.53661,1495917551
1/11/2021,37638.30548,1502693545
2/11/2021,37897.8282,1514166806
3/11/2021,38157.35092,1525640067
4/11/2021,38416.87365,1537113328
5/11/2021,38676.39637,1548586590
6/11/2021,38935.91909,1560059851
7/11/2021,39195.44181,1571533112
8/11/2021,39454.96453,1583006373
9/11/2021,39714.48725,1594479635
10/11/2021,39974.00997,1605952896
11/11/2021,40233.53269,1617426157
12/11/2021,40493.05541,1628899418
13/11/2021,40752.57813,1640372680
14/11/2021,41012.10085,1651845941
15/11/2021,41271.62357,1663319202
16/11/2021,41531.14629,1674792463
17/11/2021,41790.66901,1686265725
18/11/2021,42050.19173,1697738986
19/11/2021,42309.71445,1709212247
20/11/2021,42569.23717,1720685508
21/11/2021,42828.75989,1732158770
22/11/2021,43088.28261,1743632031
23/11/2021,43347.80533,1755105292
24/11/2021,43607.32805,1766578554
25/11/2021,43866.85077,1778051815
26/11/2021,44126.37349,1789525076
27/11/2021,44385.89622,1800998337
28/11/2021,44645.41894,1812471599
29/11/2021,44904.94166,1823944860
30/11/2021,45164.46438,1835418121
1/12/2021,45423.9871,1846891382
2/12/2021,45081.25881,1832957576
3/12/2021,44738.53053,1819023770
4/12/2021,44395.80225,1805089964
5/12/2021,44053.07396,1791156159
6/12/2021,43710.34568,1777222353
7/12/2021,43367.6174,1763288547
8/12/2021,43024.88912,1749354741
9/12/2021,42682.16083,1735420935
10/12/2021,42339.43255,1721487129
11/12/2021,41996.70427,1707553323
12/12/2021,41653.97598,1693619517
13/12/2021,41311.2477,1679685711
14/12/2021,40968.51942,1665751905
15/12/2021,40625.79113,1651818099
16/12/2021,40283.06285,1637884293
17/12/2021,39940.33457,1623950487
18/12/2021,39597.60629,1610016681
19/12/2021,39254.878,1596082875
20/12/2021,38912.14972,1582149069
21/12/2021,38569.42144,1568215263
22/12/2021,38226.69315,1554281457
23/12/2021,37883.96487,1540347651
24/12/2021,37541.23659,1526413845
25/12/2021,37198.5083,1512480039
26/12/2021,36855.78002,1498546233
27/12/2021,36513.05174,1484612427
28/12/2021,36170.32345,1470678621
29/12/2021,35827.59517,1456744816
30/12/2021,35484.86689,1442811010
31/12/2021,35142.13861,1428877204
1/1/2022,34799.41032,1414943398
2/1/2022,34690.72656,1410507272
3/1/2022,34582.04279,1406071146
4/1/2022,34473.35902,1401635020
5/1/2022,34364.67525,1397198894
6/1/2022,34255.99149,1392762769
7/1/2022,34147.30772,1388326643
8/1/2022,34038.62395,1383890517
9/1/2022,33929.94019,1379454391
10/1/2022,33821.25642,1375018265
11/1/2022,33712.57265,1370582139
12/1/2022,33603.88889,1366146014
13/1/2022,33495.20512,1361709888
14/1/2022,33386.52135,1357273762
15/1/2022,33277.83759,1352837636
16/1/2022,33169.15382,1348401510
17/1/2022,33060.47005,1343965385
18/1/2022,32951.78629,1339529259
19/1/2022,32843.10252,1335093133
20/1/2022,32734.41875,1330657007
21/1/2022,32625.73498,1326220881
22/1/2022,32517.05122,1321784755
23/1/2022,32408.36745,1317348630
24/1/2022,32299.68368,1312912504
25/1/2022,32190.99992,1308476378
26/1/2022,32082.31615,1304040252
27/1/2022,31973.63238,1299604126
28/1/2022,31864.94862,1295168000
29/1/2022,31756.26485,1290731875
30/1/2022,31647.58108,1286295749
31/1/2022,31538.89732,1281859623
1/2/2022,31430.21355,1277423497
2/2/2022,32010.58395,1300353244
3/2/2022,32590.95435,1323282992
4/2/2022,33171.32476,1346212739
5/2/2022,33751.69516,1369142486
6/2/2022,34332.06556,1392072233
7/2/2022,34912.43597,1415001980
8/2/2022,35492.80637,1437931727
9/2/2022,36073.17677,1460861474
10/2/2022,36653.54718,1483791222
11/2/2022,37233.91758,1506720969
12/2/2022,37814.28798,1529650716
13/2/2022,38394.65839,1552580463
14/2/2022,38975.02879,1575510210
15/2/2022,39555.39919,1598439957
16/2/2022,40135.7696,1621369704
17/2/2022,40716.14,1644299452
18/2/2022,41296.5104,1667229199
19/2/2022,41876.88081,1690158946
20/2/2022,42457.25121,1713088693
21/2/2022,43037.62161,1736018440
22/2/2022,43617.99202,1758948187
23/2/2022,44198.36242,1781877935
24/2/2022,44778.73282,1804807682
25/2/2022,45359.10323,1827737429
26/2/2022,45939.47363,1850667176
27/2/2022,46519.84403,1873596923
28/2/2022,47100.21444,1896526670
1/3/2022,47680.58484,1919456417
2/3/2022,47214.34979,1901185884
3/3/2022,46748.11475,1882915350
4/3/2022,46281.8797,1864644816
5/3/2022,45815.64465,1846374282
6/3/2022,45349.4096,1828103748
7/3/2022,44883.17456,1809833215
8/3/2022,44416.93951,1791562681
9/3/2022,43950.70446,1773292147
10/3/2022,43484.46942,1755021613
11/3/2022,43018.23437,1736751079
12/3/2022,42551.99932,1718480545
13/3/2022,42085.76428,1700210012
14/3/2022,41619.52923,1681939478
15/3/2022,41153.29418,1663668944
16/3/2022,40687.05914,1645398410
17/3/2022,40220.82409,1627127876
18/3/2022,39754.58904,1608857343
19/3/2022,39288.354,1590586809
20/3/2022,38822.11895,1572316275
21/3/2022,38355.8839,1554045741
22/3/2022,37889.64886,1535775207
23/3/2022,37423.41381,1517504673
24/3/2022,36957.17876,1499234140
25/3/2022,36490.94371,1480963606
26/3/2022,36024.70867,1462693072
27/3/2022,35558.47362,1444422538
28/3/2022,35092.23857,1426152004
29/3/2022,34626.00353,1407881471
30/3/2022,34159.76848,1389610937
31/3/2022,33693.53343,1371340403
1/4/2022,33227.29839,1353069869
2/4/2022,33348.47028,1357925407
3/4/2022,33469.64217,1362780945
4/4/2022,33590.81406,1367636484
5/4/2022,33711.98596,1372492022
6/4/2022,33833.15785,1377347560
7/4/2022,33954.32974,1382203098
8/4/2022,34075.50163,1387058636
9/4/2022,34196.67353,1391914175
10/4/2022,34317.84542,1396769713
11/4/2022,34439.01731,1401625251
12/4/2022,34560.1892,1406480789
13/4/2022,34681.3611,1411336327
14/4/2022,34802.53299,1416191866
15/4/2022,34923.70488,1421047404
16/4/2022,35044.87677,1425902942
17/4/2022,35166.04867,1430758480
18/4/2022,35287.22056,1435614018
19/4/2022,35408.39245,1440469557
20/4/2022,35529.56434,1445325095
21/4/2022,35650.73624,1450180633
22/4/2022,35771.90813,1455036171
23/4/2022,35893.08002,1459891709
24/4/2022,36014.25191,1464747248
25/4/2022,36135.42381,1469602786
26/4/2022,36256.5957,1474458324
27/4/2022,36377.76759,1479313862
28/4/2022,36498.93948,1484169400
29/4/2022,36620.11138,1489024939
30/4/2022,36741.28327,1493880477
1/5/2022,36862.45516,1498736015
2/5/2022,37145.90761,1509848645
3/5/2022,37429.36005,1520961275
4/5/2022,37712.8125,1532073904
5/5/2022,37996.26494,1543186534
6/5/2022,38279.71739,1554299164
7/5/2022,38563.16983,1565411794
8/5/2022,38846.62228,1576524424
9/5/2022,39130.07472,1587637053
10/5/2022,39413.52717,1598749683
11/5/2022,39696.97961,1609862313
12/5/2022,39980.43206,1620974943
13/5/2022,40263.88451,1632087572
14/5/2022,40547.33695,1643200202
15/5/2022,40830.7894,1654312832
16/5/2022,41114.24184,1665425462
17/5/2022,41397.69429,1676538092
18/5/2022,41681.14673,1687650721
19/5/2022,41964.59918,1698763351
20/5/2022,42248.05162,1709875981
21/5/2022,42531.50407,1720988611
22/5/2022,42814.95651,1732101241
23/5/2022,43098.40896,1743213870
24/5/2022,43381.8614,1754326500
25/5/2022,43665.31385,1765439130
26/5/2022,43948.7663,1776551760
27/5/2022,44232.21874,1787664390
28/5/2022,44515.67119,1798777019
29/5/2022,44799.12363,1809889649
30/5/2022,45082.57608,1821002279
31/5/2022,45366.02852,1832114909
1/6/2022,45649.48097,1843227539
2/6/2022,45484.78774,1835199885
3/6/2022,45320.09452,1827172232
4/6/2022,45155.40129,1819144579
5/6/2022,44990.70806,1811116926
6/6/2022,44826.01484,1803089272
7/6/2022,44661.32161,1795061619
8/6/2022,44496.62839,1787033966
9/6/2022,44331.93516,1779006313
10/6/2022,44167.24194,1770978659
11/6/2022,44002.54871,1762951006
12/6/2022,43837.85548,1754923353
13/6/2022,43673.16226,1746895700
14/6/2022,43508.46903,1738868047
15/6/2022,43343.77581,1730840393
16/6/2022,43179.08258,1722812740
17/6/2022,43014.38935,1714785087
18/6/2022,42849.69613,1706757434
19/6/2022,42685.0029,1698729780
20/6/2022,42520.30968,1690702127
21/6/2022,42355.61645,1682674474
22/6/2022,42190.92323,1674646821
23/6/2022,42026.23,1666619168
24/6/2022,41861.53677,1658591514
25/6/2022,41696.84355,1650563861
26/6/2022,41532.15032,1642536208
27/6/2022,41367.4571,1634508555
28/6/2022,41202.76387,1626480901
29/6/2022,41038.07065,1618453248
30/6/2022,40873.37742,1610425595
1/7/2022,40708.68419,1602397942
2/7/2022,40716.03117,1603062326
3/7/2022,40723.37814,1603726711
4/7/2022,40730.72511,1604391095
5/7/2022,40738.07208,1605055479
6/7/2022,40745.41905,1605719864
7/7/2022,40752.76602,1606384248
8/7/2022,40760.113,1607048633
9/7/2022,40767.45997,1607713017
10/7/2022,40774.80694,1608377401
11/7/2022,40782.15391,1609041786
12/7/2022,40789.50088,1609706170
13/7/2022,40796.84786,1610370555
14/7/2022,40804.19483,1611034939
15/7/2022,40811.5418,1611699324
16/7/2022,40818.88877,1612363708
17/7/2022,40826.23574,1613028092
18/7/2022,40833.58272,1613692477
19/7/2022,40840.92969,1614356861
20/7/2022,40848.27666,1615021246
21/7/2022,40855.62363,1615685630
22/7/2022,40862.9706,1616350014
23/7/2022,40870.31758,1617014399
24/7/2022,40877.66455,1617678783
25/7/2022,40885.01152,1618343168
26/7/2022,40892.35849,1619007552
27/7/2022,40899.70546,1619671936
28/7/2022,40907.05243,1620336321
29/7/2022,40914.39941,1621000705
30/7/2022,40921.74638,1621665090
31/7/2022,40929.09335,1622329474
1/8/2022,40936.44032,1622993858
2/8/2022,41199.37168,1635018958
3/8/2022,41462.30303,1647044057
4/8/2022,41725.23438,1659069156
5/8/2022,41988.16573,1671094255
6/8/2022,42251.09709,1683119354
7/8/2022,42514.02844,1695144453
8/8/2022,42776.95979,1707169553
9/8/2022,43039.89114,1719194652
10/8/2022,43302.8225,1731219751
11/8/2022,43565.75385,1743244850
12/8/2022,43828.6852,1755269949
13/8/2022,44091.61656,1767295048
14/8/2022,44354.54791,1779320147
15/8/2022,44617.47926,1791345247
16/8/2022,44880.41061,1803370346
17/8/2022,45143.34197,1815395445
18/8/2022,45406.27332,1827420544
19/8/2022,45669.20467,1839445643
20/8/2022,45932.13602,1851470742
21/8/2022,46195.06738,1863495842
22/8/2022,46457.99873,1875520941
23/8/2022,46720.93008,1887546040
24/8/2022,46983.86144,1899571139
25/8/2022,47246.79279,1911596238
26/8/2022,47509.72414,1923621337
27/8/2022,47772.65549,1935646436
28/8/2022,48035.58685,1947671536
29/8/2022,48298.5182,1959696635
30/8/2022,48561.44955,1971721734
31/8/2022,48824.38091,1983746833
1/9/2022,49087.31226,1995771932
2/9/2022,48903.87708,1987696106
3/9/2022,48720.44189,1979620279
4/9/2022,48537.00671,1971544453
5/9/2022,48353.57153,1963468626
6/9/2022,48170.13634,1955392799
7/9/2022,47986.70116,1947316973
8/9/2022,47803.26598,1939241146
9/9/2022,47619.8308,1931165320
10/9/2022,47436.39561,1923089493
11/9/2022,47252.96043,1915013667
12/9/2022,47069.52525,1906937840
13/9/2022,46886.09006,1898862014
14/9/2022,46702.65488,1890786187
15/9/2022,46519.2197,1882710360
16/9/2022,46335.78452,1874634534
17/9/2022,46152.34933,1866558707
18/9/2022,45968.91415,1858482881
19/9/2022,45785.47897,1850407054
20/9/2022,45602.04378,1842331228
21/9/2022,45418.6086,1834255401
22/9/2022,45235.17342,1826179574
23/9/2022,45051.73824,1818103748
24/9/2022,44868.30305,1810027921
25/9/2022,44684.86787,1801952095
26/9/2022,44501.43269,1793876268
27/9/2022,44317.99751,1785800442
28/9/2022,44134.56232,1777724615
29/9/2022,43951.12714,1769648789
30/9/2022,43767.69196,1761572962
1/10/2022,43584.25677,1753497135
2/10/2022,43771.39977,1763295607
3/10/2022,43958.54277,1773094079
4/10/2022,44145.68576,1782892551
5/10/2022,44332.82876,1792691023
6/10/2022,44519.97176,1802489495
7/10/2022,44707.11476,1812287967
8/10/2022,44894.25775,1822086438
9/10/2022,45081.40075,1831884910
10/10/2022,45268.54375,1841683382
11/10/2022,45455.68674,1851481854
12/10/2022,45642.82974,1861280326
13/10/2022,45829.97274,1871078798
14/10/2022,46017.11573,1880877270
15/10/2022,46204.25873,1890675742
16/10/2022,46391.40173,1900474213
17/10/2022,46578.54472,1910272685
18/10/2022,46765.68772,1920071157
19/10/2022,46952.83072,1929869629
20/10/2022,47139.97371,1939668101
21/10/2022,47327.11671,1949466573
22/10/2022,47514.25971,1959265045
23/10/2022,47701.40271,1969063516
24/10/2022,47888.5457,1978861988
25/10/2022,48075.6887,1988660460
26/10/2022,48262.8317,1998458932
27/10/2022,48449.97469,2008257404
28/10/2022,48637.11769,2018055876
29/10/2022,48824.26069,2027854348
30/10/2022,49011.40368,2037652819
31/10/2022,49198.54668,2047451291
1/11/2022,49385.68968,2057249763
2/11/2022,49783.63027,2072721564
3/11/2022,50181.57086,2088193366
4/11/2022,50579.51145,2103665167
5/11/2022,50977.45204,2119136968
6/11/2022,51375.39263,2134608769
7/11/2022,51773.33323,2150080571
8/11/2022,52171.27382,2165552372
9/11/2022,52569.21441,2181024173
10/11/2022,52967.155,2196495975
11/11/2022,53365.09559,2211967776
12/11/2022,53763.03618,2227439577
13/11/2022,54160.97677,2242911378
14/11/2022,54558.91737,2258383180
15/11/2022,54956.85796,2273854981
16/11/2022,55354.79855,2289326782
17/11/2022,55752.73914,2304798583
18/11/2022,56150.67973,2320270385
19/11/2022,56548.62032,2335742186
20/11/2022,56946.56091,2351213987
21/11/2022,57344.50151,2366685788
22/11/2022,57742.4421,2382157590
23/11/2022,58140.38269,2397629391
24/11/2022,58538.32328,2413101192
25/11/2022,58936.26387,2428572993
26/11/2022,59334.20446,2444044795
27/11/2022,59732.14505,2459516596
28/11/2022,60130.08565,2474988397
29/11/2022,60528.02624,2490460198
30/11/2022,60925.96683,2505932000
1/12/2022,61323.90742,2521403801
